subset,session_id,context_tokens,turn_count,q_avg,q_min,q_max,a_avg,a_min,a_max,total_session_tokens
scbench_kv,0,123963,5,38.4,37,39,22.8,21,26,124269
scbench_kv,5,123731,5,36.2,33,40,21.6,18,26,124020
scbench_kv,10,123743,5,38,37,39,22.8,20,25,124047
scbench_kv,15,124117,5,38.4,36,42,22.6,20,24,124422
scbench_kv,20,123906,5,38,37,40,22.2,21,24,124207
scbench_kv,25,123954,5,38.4,34,41,21.8,21,23,124255
scbench_kv,30,124182,5,37.2,35,40,20.8,20,22,124472
scbench_kv,35,123898,5,39.4,37,41,22.4,19,24,124207
scbench_kv,40,124038,5,37.8,36,39,23.2,21,25,124343
scbench_kv,45,124202,5,37.8,34,41,23.2,22,24,124507
scbench_kv,50,124067,5,38.8,37,40,23.4,21,26,124378
scbench_kv,55,123606,5,38.4,34,41,20.6,19,22,123901
scbench_kv,60,124043,5,38.4,36,40,21.6,19,24,124343
scbench_kv,65,124130,5,37,36,38,22.2,20,24,124426
scbench_kv,70,124149,5,38.4,35,41,22.2,21,25,124452
scbench_kv,75,124162,5,37.8,36,41,22.2,21,24,124462
scbench_kv,80,123841,5,37.8,35,40,22,20,23,124140
scbench_kv,85,124225,5,38,36,41,23,21,26,124530
scbench_kv,90,123984,5,38.2,36,43,22.6,19,26,124288
scbench_kv,95,124243,5,38,36,41,21.8,19,23,124542
scbench_kv,100,124020,5,37.4,36,38,23.2,21,25,124323
scbench_kv,105,124033,5,37.8,36,41,22.4,20,25,124334
scbench_kv,110,124000,5,37.4,36,38,23.4,20,26,124304
scbench_kv,115,123871,5,37.8,36,41,22.4,20,26,124172
scbench_kv,120,123722,5,38.4,38,39,22.4,21,25,124026
scbench_kv,125,124148,5,39.2,34,41,22.2,20,24,124455
scbench_kv,130,123883,5,37.2,35,40,22.8,21,24,124183
scbench_kv,135,124154,5,37.4,35,41,22.2,20,25,124452
scbench_kv,140,124089,5,38.6,37,41,22.4,20,25,124394
scbench_kv,145,124017,5,37.2,36,39,24,23,26,124323
scbench_kv,150,124140,5,39.6,37,42,23.8,22,26,124457
scbench_kv,155,124053,5,38.6,34,43,23.2,21,25,124362
scbench_kv,160,124199,5,37.6,35,41,23.4,22,25,124504
scbench_kv,165,124091,5,36.4,34,38,22.2,21,24,124384
scbench_kv,170,124041,5,37.4,32,40,22.8,21,25,124342
scbench_kv,175,123821,5,36.6,33,42,22,20,27,124114
scbench_kv,180,124150,5,37.2,34,39,23.6,22,26,124454
scbench_kv,185,123773,5,37.4,35,39,23,22,25,124075
scbench_kv,190,123831,5,37,34,42,23.2,20,27,124132
scbench_kv,195,124018,5,37.6,36,40,21.2,18,27,124312
scbench_kv,200,123747,5,37.2,35,41,23,20,26,124048
scbench_kv,205,123938,5,38.4,37,40,22.2,20,25,124241
scbench_kv,210,124063,5,37.4,36,39,22.8,20,26,124364
scbench_kv,215,124295,5,37.2,34,39,23,21,25,124596
scbench_kv,220,124124,5,37.2,35,40,23.8,21,25,124429
scbench_kv,225,123911,5,37.2,34,40,21.2,17,26,124203
scbench_kv,230,123993,5,37.4,36,39,21.2,19,25,124286
scbench_kv,235,123956,5,37.8,37,40,22,18,28,124255
scbench_kv,240,124004,5,36,34,37,23,20,26,124299
scbench_kv,245,123960,5,37.2,35,39,23.8,20,26,124265
scbench_kv,250,124001,5,37.2,33,41,23.8,22,26,124306
scbench_kv,255,123843,5,37.2,36,38,25.2,22,28,124155
scbench_kv,260,123981,5,36.8,35,38,22.8,21,25,124279
scbench_kv,265,124149,5,39,38,40,22.6,20,25,124457
scbench_kv,270,124102,5,39,38,40,21.8,20,24,124406
scbench_kv,275,123981,5,37,36,38,23,22,25,124281
scbench_kv,280,123890,5,37,35,39,22.4,19,25,124187
scbench_kv,285,123870,5,38,36,39,21.2,18,23,124166
scbench_kv,290,123875,5,37.8,35,41,23.8,20,26,124183
scbench_kv,295,123998,5,39.4,36,43,22.6,21,24,124308
scbench_kv,300,123995,5,38.2,35,39,24.4,22,26,124308
scbench_kv,305,124184,5,38.2,33,41,22.4,20,27,124487
scbench_kv,310,124171,5,36.8,35,39,22.2,19,29,124466
scbench_kv,315,123797,5,38.6,36,44,21.4,18,24,124097
scbench_kv,320,123849,5,37.4,36,41,22.6,20,25,124149
scbench_kv,325,123970,5,38.4,35,42,23.4,21,30,124279
scbench_kv,330,124104,5,37,35,40,22.8,20,24,124403
scbench_kv,335,123905,5,36.4,35,38,23.4,20,26,124204
scbench_kv,340,123835,5,39,37,43,23,20,26,124145
scbench_kv,345,123958,5,36.6,33,39,23.6,21,25,124259
scbench_kv,350,124018,5,36.8,34,39,22.8,21,25,124316
scbench_kv,355,124049,5,37.8,34,40,22.2,20,25,124349
scbench_kv,360,123801,5,38.2,37,39,24.2,22,27,124113
scbench_kv,365,123814,5,38.6,35,41,22.6,20,25,124120
scbench_kv,370,123869,5,37.2,34,41,21.4,20,23,124162
scbench_kv,375,124178,5,37.8,36,41,23.2,21,25,124483
scbench_kv,380,123951,5,38.2,36,41,23,21,26,124257
scbench_kv,385,123997,5,37.4,35,40,21.6,19,23,124292
scbench_kv,390,123884,5,38.6,36,41,22,19,25,124187
scbench_kv,395,124181,5,38.2,35,42,22,19,26,124482
scbench_kv,400,124142,5,37.4,35,40,23.8,22,26,124448
scbench_kv,405,123886,5,36.6,34,39,23,20,26,124184
scbench_kv,410,123896,5,39,37,41,23.4,19,26,124208
scbench_kv,415,123905,5,40,35,43,21.8,20,24,124214
scbench_kv,420,124034,5,37,35,40,21.8,19,24,124328
scbench_kv,425,124151,5,37.2,35,39,25.6,24,27,124465
scbench_kv,430,124247,5,38,36,40,23.6,22,26,124555
scbench_kv,435,124268,5,35.4,34,37,23.8,22,27,124564
scbench_kv,440,123844,5,38.6,36,41,23,21,26,124152
scbench_kv,445,124078,5,37.8,35,41,21.8,18,26,124376
scbench_kv,450,123948,5,37.6,36,40,24.2,22,26,124257
scbench_kv,455,124147,5,36,33,38,23,21,27,124442
scbench_kv,460,123999,5,37.8,36,41,21.4,18,23,124295
scbench_kv,465,124052,5,39.2,37,42,20.8,17,24,124352
scbench_kv,470,124069,5,36.6,34,41,23.4,21,25,124369
scbench_kv,475,124099,5,37.4,33,41,22.4,22,24,124398
scbench_kv,480,124097,5,40.2,38,43,24.6,23,27,124421
scbench_kv,485,123873,5,38.2,35,41,23.4,21,28,124181
scbench_kv,490,124345,5,37.2,36,39,23.4,21,27,124648
scbench_kv,495,124131,5,37.4,36,39,23.4,20,26,124435
scbench_prefix_suffix,,112280,5,32.2,32,33,15.8,14,18,112520
scbench_prefix_suffix,,112032,5,32.2,32,33,17.4,16,19,112280
scbench_prefix_suffix,,112246,5,31,31,31,16,15,17,112481
scbench_prefix_suffix,,112172,5,31.8,31,33,17.2,15,18,112417
scbench_prefix_suffix,,112087,5,32.2,32,33,16.8,16,18,112332
scbench_prefix_suffix,,112133,5,32.6,32,33,16.8,15,19,112380
scbench_prefix_suffix,,112216,5,31.6,31,32,16.2,15,17,112455
scbench_prefix_suffix,,112126,5,31.8,30,33,16.4,14,20,112367
scbench_prefix_suffix,,111970,5,31.8,30,33,16.6,14,19,112212
scbench_prefix_suffix,,111899,5,32.8,31,34,17.2,16,18,112149
scbench_prefix_suffix,,111975,5,32.2,30,33,17.2,16,19,112222
scbench_prefix_suffix,,112127,5,32.2,32,33,17.6,16,20,112376
scbench_prefix_suffix,,112321,5,31.4,30,32,16.4,16,17,112560
scbench_prefix_suffix,,112045,5,32,31,34,17,15,20,112290
scbench_prefix_suffix,,112036,5,31.6,30,33,16.2,15,18,112275
scbench_prefix_suffix,,111944,5,31.8,31,32,15.8,15,17,112182
scbench_prefix_suffix,,111952,5,32.8,32,33,17.4,15,20,112203
scbench_prefix_suffix,,112208,5,31.4,30,32,16.6,16,18,112448
scbench_prefix_suffix,,112075,5,32.2,31,34,16.6,15,19,112319
scbench_prefix_suffix,,112016,5,31.4,31,32,16.4,15,17,112255
scbench_prefix_suffix,,112264,5,31.8,31,33,17,15,19,112508
scbench_prefix_suffix,,112283,5,31.8,30,33,16.4,14,19,112524
scbench_prefix_suffix,,112001,5,31.8,31,33,16.8,15,18,112244
scbench_prefix_suffix,,111999,5,31.8,31,33,17,15,19,112243
scbench_prefix_suffix,,111957,5,31.8,31,33,15.6,14,19,112194
scbench_prefix_suffix,,111972,5,31.8,31,32,17.2,15,19,112217
scbench_prefix_suffix,,112169,5,32.6,32,34,17.6,16,19,112420
scbench_prefix_suffix,,112389,5,32,31,33,17.2,14,19,112635
scbench_prefix_suffix,,112316,5,31.8,31,32,17.8,17,19,112564
scbench_prefix_suffix,,112189,5,32.2,31,34,17.4,16,19,112437
scbench_prefix_suffix,,112121,5,31.2,30,33,16,15,17,112357
scbench_prefix_suffix,,112095,5,32,31,33,16,14,18,112335
scbench_prefix_suffix,,112104,5,31.8,30,33,16.2,15,18,112344
scbench_prefix_suffix,,112085,5,32,31,34,17.4,15,21,112332
scbench_prefix_suffix,,111994,5,32.4,31,34,17.2,16,19,112242
scbench_prefix_suffix,,112148,5,32.2,31,34,17.8,16,20,112398
scbench_prefix_suffix,,112048,5,32,30,33,17.2,14,20,112294
scbench_prefix_suffix,,111872,5,32,31,33,17.6,14,20,112120
scbench_prefix_suffix,,112128,5,32.2,31,33,17.4,16,19,112376
scbench_prefix_suffix,,112096,5,32.4,32,33,18,17,20,112348
scbench_prefix_suffix,,112061,5,31.6,30,33,17,16,18,112304
scbench_prefix_suffix,,112114,5,32.4,31,33,16.8,14,18,112360
scbench_prefix_suffix,,111839,5,32.4,31,34,17,16,18,112086
scbench_prefix_suffix,,112004,5,32.2,31,33,17.4,15,19,112252
scbench_prefix_suffix,,112056,5,31.6,30,32,16.2,15,17,112295
scbench_prefix_suffix,,112177,5,32.4,32,33,16,14,18,112419
scbench_prefix_suffix,,112094,5,31.6,30,33,16.2,15,18,112333
scbench_prefix_suffix,,112094,5,31.6,30,33,16.2,15,18,112333
scbench_prefix_suffix,,112203,5,32.4,32,33,17.4,16,20,112452
scbench_prefix_suffix,,112104,5,32,31,33,16.4,15,18,112346
scbench_prefix_suffix,,112128,5,31.4,31,32,16.2,16,17,112366
scbench_prefix_suffix,,112246,5,31.4,30,33,15.6,15,17,112481
scbench_prefix_suffix,,111981,5,31.4,30,32,17.2,16,19,112224
scbench_prefix_suffix,,112086,5,32.2,31,34,17.4,15,20,112334
scbench_prefix_suffix,,112227,5,32,31,33,16.8,16,18,112471
scbench_prefix_suffix,,112138,5,31.6,31,32,17.6,14,20,112384
scbench_prefix_suffix,,111995,5,33,32,34,18.6,17,20,112253
scbench_prefix_suffix,,112053,5,32.4,32,33,16.8,14,18,112299
scbench_prefix_suffix,,112009,5,31.4,30,32,15.2,14,16,112242
scbench_prefix_suffix,,112082,5,32,31,33,16.2,15,18,112323
scbench_prefix_suffix,,112026,5,31.8,30,33,16.6,16,17,112268
scbench_prefix_suffix,,111946,5,32.2,31,33,16.6,16,18,112190
scbench_prefix_suffix,,112153,5,32.2,31,33,17.4,16,19,112401
scbench_prefix_suffix,,111936,5,32.2,31,34,18,16,20,112187
scbench_prefix_suffix,,112112,5,31.6,31,33,16,15,18,112350
scbench_prefix_suffix,,112005,5,31,30,32,16.4,13,19,112242
scbench_prefix_suffix,,112332,5,32.4,32,33,17,16,18,112579
scbench_prefix_suffix,,112100,5,32,31,33,16.4,14,19,112342
scbench_prefix_suffix,,112236,5,32.2,31,34,16.2,13,20,112478
scbench_prefix_suffix,,112109,5,32.6,32,34,17.4,16,19,112359
scbench_prefix_suffix,,111976,5,32.2,31,33,17.6,17,19,112225
scbench_prefix_suffix,,112012,5,31.8,30,33,17,15,19,112256
scbench_prefix_suffix,,112170,5,31.4,31,32,15.8,15,18,112406
scbench_prefix_suffix,,112035,5,31,30,32,15.8,14,19,112269
scbench_prefix_suffix,,111932,5,32,31,33,16.8,16,18,112176
scbench_prefix_suffix,,111998,5,31.4,29,33,16.6,16,18,112238
scbench_prefix_suffix,,111982,5,31.6,31,32,16.4,15,18,112222
scbench_prefix_suffix,,112087,5,32.4,32,33,18,16,20,112339
scbench_prefix_suffix,,112070,5,32.2,32,33,17.2,16,19,112317
scbench_prefix_suffix,,112061,5,32.4,32,33,17.4,16,19,112310
scbench_prefix_suffix,,111986,5,31.4,31,32,16.8,16,18,112227
scbench_prefix_suffix,,112160,5,31.4,30,32,16.2,16,17,112398
scbench_prefix_suffix,,112046,5,32,31,33,16.6,15,20,112289
scbench_prefix_suffix,,112128,5,32,31,33,17.6,17,18,112376
scbench_prefix_suffix,,112198,5,32,31,33,17.4,16,19,112445
scbench_prefix_suffix,,112113,5,32,31,34,16.2,15,18,112354
scbench_prefix_suffix,,111987,5,31.8,30,33,16.2,14,18,112227
scbench_prefix_suffix,,112071,5,31.8,31,33,16.4,15,19,112312
scbench_prefix_suffix,,112098,5,31.8,31,33,16.8,15,19,112341
scbench_prefix_suffix,,112177,5,32.2,31,33,16.8,16,18,112422
scbench_prefix_suffix,,112091,5,32.2,32,33,16.8,15,20,112336
scbench_prefix_suffix,,112186,5,31.2,30,32,15.8,15,18,112421
scbench_prefix_suffix,,112037,5,32.2,31,33,16.6,15,18,112281
scbench_prefix_suffix,,112231,5,32.6,32,34,17.8,16,19,112483
scbench_prefix_suffix,,112025,5,32.2,31,33,17.8,17,19,112275
scbench_prefix_suffix,,112174,5,32,31,33,16.6,15,18,112417
scbench_prefix_suffix,,112228,5,31.8,31,33,17.4,15,19,112474
scbench_prefix_suffix,,112034,5,31.6,31,32,16.6,15,18,112275
scbench_prefix_suffix,,112136,5,32.2,31,34,17.4,15,19,112384
scbench_prefix_suffix,,112080,5,31.4,31,33,15.6,13,17,112315
scbench_vt,,124498,5,51,51,51,15.2,15,16,124829
scbench_vt,,124493,5,51,51,51,14.6,13,16,124821
scbench_vt,,124505,5,51,51,51,15.6,15,17,124838
scbench_vt,,124503,5,51,51,51,15.6,14,16,124836
scbench_vt,,124501,5,51,51,51,15.6,15,17,124834
scbench_vt,,124503,5,51,51,51,15.8,14,18,124837
scbench_vt,,124496,5,51,51,51,14.6,13,17,124824
scbench_vt,,124502,5,51,51,51,15.6,14,17,124835
scbench_vt,,124494,5,51,51,51,14.6,13,16,124822
scbench_vt,,124504,5,51,51,51,16,15,17,124839
scbench_vt,,124498,5,51,51,51,15.2,15,16,124829
scbench_vt,,124499,5,51,51,51,15.2,15,16,124830
scbench_vt,,124503,5,51,51,51,15.8,15,17,124837
scbench_vt,,124501,5,51,51,51,15.6,14,17,124834
scbench_vt,,124503,5,51,51,51,15.6,14,17,124836
scbench_vt,,124500,5,51,51,51,15.6,14,16,124833
scbench_vt,,124496,5,51,51,51,15,14,17,124826
scbench_vt,,124504,5,51,51,51,15.6,14,19,124837
scbench_vt,,124508,5,51,51,51,16.4,16,17,124845
scbench_vt,,124497,5,51,51,51,14.8,14,16,124826
scbench_vt,,124500,5,51,51,51,15.6,14,17,124833
scbench_vt,,124501,5,51,51,51,15.6,14,17,124834
scbench_vt,,124515,5,51,51,51,17.2,17,18,124856
scbench_vt,,124509,5,51,51,51,16,15,17,124844
scbench_vt,,124493,5,51,51,51,14.8,12,16,124822
scbench_vt,,124504,5,51,51,51,15.8,15,17,124838
scbench_vt,,124495,5,51,51,51,15.2,14,16,124826
scbench_vt,,124506,5,51,51,51,16,15,17,124841
scbench_vt,,124503,5,51,51,51,15.8,15,17,124837
scbench_vt,,124507,5,51,51,51,16.2,15,18,124843
scbench_vt,,124506,5,51,51,51,15.8,15,17,124840
scbench_vt,,124499,5,51,51,51,15.6,14,17,124832
scbench_vt,,124503,5,51,51,51,15.8,13,18,124837
scbench_vt,,124500,5,51,51,51,15.4,14,17,124832
scbench_vt,,124501,5,51,51,51,15.6,14,17,124834
scbench_vt,,124502,5,51,51,51,15.6,15,17,124835
scbench_vt,,124496,5,51,51,51,15.4,14,17,124828
scbench_vt,,124503,5,51,51,51,15.8,15,17,124837
scbench_vt,,124511,5,51,51,51,16.8,15,18,124850
scbench_vt,,124510,5,51,51,51,16.2,15,18,124846
scbench_vt,,124502,5,51,51,51,15.4,14,17,124834
scbench_vt,,124500,5,51,51,51,15.4,15,16,124832
scbench_vt,,124501,5,51,51,51,15.6,14,17,124834
scbench_vt,,124503,5,51,51,51,16,15,17,124838
scbench_vt,,124502,5,51,51,51,15.2,14,16,124833
scbench_vt,,124504,5,51,51,51,16,15,17,124839
scbench_vt,,124496,5,51,51,51,15,14,16,124826
scbench_vt,,124493,5,51,51,51,14.6,13,15,124821
scbench_vt,,124507,5,51,51,51,16.2,15,18,124843
scbench_vt,,124499,5,51,51,51,15.2,13,18,124830
scbench_vt,,124509,5,51,51,51,16.2,15,18,124845
scbench_vt,,124507,5,51,51,51,15.8,15,17,124841
scbench_vt,,124499,5,51,51,51,15.2,15,16,124830
scbench_vt,,124502,5,51,51,51,15.8,15,18,124836
scbench_vt,,124509,5,51,51,51,16.4,15,17,124846
scbench_vt,,124505,5,51,51,51,16.2,16,17,124841
scbench_vt,,124508,5,51,51,51,16.2,15,17,124844
scbench_vt,,124511,5,51,51,51,16.8,15,19,124850
scbench_vt,,124498,5,51,51,51,15,13,18,124828
scbench_vt,,124513,5,51,51,51,16.8,16,18,124852
scbench_vt,,124511,5,51,51,51,16.6,15,18,124849
scbench_vt,,124501,5,51,51,51,15.6,15,17,124834
scbench_vt,,124499,5,51,51,51,15.4,14,16,124831
scbench_vt,,124503,5,51,51,51,15.8,13,18,124837
scbench_vt,,124505,5,51,51,51,16,15,18,124840
scbench_vt,,124502,5,51,51,51,15.6,14,17,124835
scbench_vt,,124498,5,51,51,51,15.4,14,17,124830
scbench_vt,,124506,5,51,51,51,15.8,14,18,124840
scbench_vt,,124504,5,51,51,51,16,15,18,124839
scbench_vt,,124502,5,51,51,51,15.6,15,16,124835
scbench_vt,,124505,5,51,51,51,16,14,18,124840
scbench_vt,,124497,5,51,51,51,14.8,14,16,124826
scbench_vt,,124507,5,51,51,51,16,14,17,124842
scbench_vt,,124502,5,51,51,51,15.6,15,16,124835
scbench_vt,,124505,5,51,51,51,16,15,18,124840
scbench_vt,,124492,5,51,51,51,15,14,16,124822
scbench_vt,,124499,5,51,51,51,15.4,14,16,124831
scbench_vt,,124504,5,51,51,51,16,15,17,124839
scbench_vt,,124503,5,51,51,51,16,15,17,124838
scbench_vt,,124500,5,51,51,51,15,12,17,124830
scbench_vt,,124500,5,51,51,51,15.6,14,17,124833
scbench_vt,,124498,5,51,51,51,15.2,13,17,124829
scbench_vt,,124502,5,51,51,51,15.4,14,16,124834
scbench_vt,,124504,5,51,51,51,15.8,14,18,124838
scbench_vt,,124498,5,51,51,51,15,13,17,124828
scbench_vt,,124502,5,51,51,51,15.4,14,16,124834
scbench_vt,,124495,5,51,51,51,14.8,13,16,124824
scbench_vt,,124509,5,51,51,51,16.2,15,17,124845
scbench_vt,,124501,5,51,51,51,15.6,15,16,124834
scbench_vt,,124504,5,51,51,51,15.8,14,17,124838
scbench_repoqa,0,65536,5,185.6,137,233,107.2,22,258,67000
scbench_repoqa,1,65536,5,203,181,228,121.4,62,221,67158
scbench_repoqa,2,65536,5,175.2,122,255,129.6,20,205,67060
scbench_repoqa,3,65536,5,197.8,175,223,112.4,16,181,67087
scbench_repoqa,4,65536,5,191.2,165,231,119.6,28,316,67090
scbench_repoqa,5,65536,5,178.4,135,209,78.2,19,247,66819
scbench_repoqa,6,65536,5,199.8,152,276,210.6,58,541,67588
scbench_repoqa,7,65536,5,212.4,149,308,149.8,15,356,67347
scbench_repoqa,8,65536,5,252.6,208,301,194,56,326,67769
scbench_repoqa,9,65536,5,212.8,188,250,147.6,13,319,67338
scbench_repoqa,10,65536,5,211.8,143,286,137.4,25,305,67282
scbench_repoqa,11,65536,5,214.2,182,301,117.4,19,366,67194
scbench_repoqa,12,65536,5,182,155,227,34.2,21,45,66617
scbench_repoqa,13,65536,5,207.4,178,277,86.4,26,223,67005
scbench_repoqa,14,65535,5,185.8,156,232,39.2,8,69,66660
scbench_repoqa,15,65535,5,165.8,137,206,66,25,110,66694
scbench_repoqa,16,65536,5,183,112,260,153.2,22,408,67217
scbench_repoqa,17,65536,5,167.2,103,235,155.6,15,335,67150
scbench_repoqa,18,65536,5,175,141,218,37,29,54,66596
scbench_repoqa,19,65536,5,198.4,181,225,47.2,18,120,66764
scbench_repoqa,20,65535,5,213.8,153,368,82.2,20,140,67015
scbench_repoqa,21,65535,5,217.6,187,282,275.2,152,368,67999
scbench_repoqa,22,65536,5,207.4,157,262,61,15,184,66878
scbench_repoqa,23,65536,5,176,128,222,81,19,205,66821
scbench_repoqa,24,65536,5,188.2,148,266,219.2,104,361,67573
scbench_repoqa,25,65536,5,167.2,132,242,41.6,8,76,66580
scbench_repoqa,26,65536,5,234.8,192,328,29,7,66,66855
scbench_repoqa,27,65536,5,199,154,274,38.4,7,82,66723
scbench_repoqa,28,65536,5,178.4,119,249,97.6,20,194,66916
scbench_repoqa,29,65536,5,176.8,157,224,52.2,27,88,66681
scbench_repoqa,30,65536,5,173,111,261,80.2,12,311,66802
scbench_repoqa,31,65536,5,170.2,116,235,31.8,16,57,66546
scbench_repoqa,32,65536,5,187.4,132,274,109,16,368,67018
scbench_repoqa,33,65536,5,201.8,129,305,138.2,87,243,67236
scbench_repoqa,34,65536,5,172.6,125,220,104.4,15,273,66921
scbench_repoqa,35,65536,5,161,128,193,64.4,25,105,66663
scbench_repoqa,36,65534,5,187.8,163,221,112,27,260,67033
scbench_repoqa,37,65534,5,174.4,145,217,32.4,17,63,66568
scbench_repoqa,38,65536,5,197.6,126,263,138,16,341,67214
scbench_repoqa,39,65536,5,171.2,120,220,89.8,34,165,66841
scbench_repoqa,40,65536,5,153,118,177,65.4,5,145,66628
scbench_repoqa,41,65536,5,184,122,295,30,6,51,66606
scbench_repoqa,42,65536,5,179.8,169,192,108,16,375,66975
scbench_repoqa,43,65536,5,180.4,142,203,61.4,13,100,66745
scbench_repoqa,44,65532,5,180.2,139,210,65.8,17,104,66762
scbench_repoqa,45,65532,5,178.6,135,229,121.2,30,411,67031
scbench_repoqa,46,65536,5,181.2,147,225,100.2,41,251,66943
scbench_repoqa,47,65536,5,167.2,141,210,68,22,100,66712
scbench_repoqa,48,65536,5,188.2,150,275,115.2,40,210,67053
scbench_repoqa,49,65536,5,157.6,139,198,61.6,32,92,66632
scbench_repoqa,50,65536,5,172.4,138,197,70.8,48,93,66752
scbench_repoqa,51,65536,5,187.4,126,282,142.6,39,351,67186
scbench_repoqa,52,65536,5,161.4,145,178,44.2,14,80,66564
scbench_repoqa,53,65536,5,174.4,142,237,60.6,29,95,66711
scbench_repoqa,54,65537,5,187.6,121,232,88.6,19,139,66918
scbench_repoqa,55,65537,5,190.2,123,227,113.2,25,329,67054
scbench_repoqa,56,65536,5,197.8,163,244,280.8,41,490,67929
scbench_repoqa,57,65536,5,180.6,160,202,190,67,536,67389
scbench_repoqa,58,65536,5,197.8,183,217,210.2,56,455,67576
scbench_repoqa,59,65536,5,175.6,147,218,82.6,28,102,66827
scbench_repoqa,60,65536,5,187.4,118,255,108.2,24,297,67014
scbench_repoqa,61,65536,5,160.8,144,182,149.8,30,448,67089
scbench_repoqa,62,65536,5,213,126,270,160.4,46,271,67403
scbench_repoqa,63,65536,5,196.6,158,228,111,36,211,67074
scbench_repoqa,64,65536,5,199.4,153,254,229.8,53,449,67682
scbench_repoqa,65,65536,5,185.8,124,304,147.6,23,489,67203
scbench_repoqa,66,65536,5,164.6,120,211,60,21,133,66659
scbench_repoqa,67,65536,5,170.4,135,206,53.8,21,111,66657
scbench_repoqa,68,65536,5,161.2,133,233,50,44,55,66592
scbench_repoqa,69,65536,5,154.2,120,190,76.8,21,182,66691
scbench_repoqa,70,65536,5,141.8,123,167,60.4,25,104,66547
scbench_repoqa,71,65536,5,184.2,143,218,97,24,268,66942
scbench_repoqa,72,65533,5,187,155,225,161.6,53,302,67276
scbench_repoqa,73,65533,5,210.2,167,290,149.8,17,288,67333
scbench_repoqa,74,65536,5,188.2,144,243,305.6,27,661,68005
scbench_repoqa,75,65536,5,197.4,122,260,99.8,25,266,67022
scbench_repoqa,76,65536,5,179.6,153,206,193.2,57,346,67400
scbench_repoqa,77,65536,5,172.8,120,217,70.8,27,106,66754
scbench_repoqa,78,65536,5,175,118,240,166.2,24,271,67242
scbench_repoqa,79,65536,5,201.6,174,233,257.4,62,511,67831
scbench_repoqa,80,65536,5,205.4,140,275,165.4,14,321,67390
scbench_repoqa,81,65536,5,184,177,201,136.8,42,247,67140
scbench_repoqa,82,65536,5,217.4,161,259,106,46,261,67153
scbench_repoqa,83,65536,5,187,179,195,185.8,21,337,67400
scbench_repoqa,84,65536,5,199.4,145,248,84.4,46,110,66955
scbench_repoqa,85,65536,5,166,110,246,89.6,22,279,66814
scbench_repoqa,86,65536,5,199.8,163,265,241.4,26,494,67742
scbench_repoqa,87,65536,5,206.6,161,289,263.2,72,658,67885
scbench_qa_eng,0,87852,5,18.6,13,25,4.8,4,6,87969
scbench_qa_eng,1,237748,6,13.3,8,20,8.5,4,14,237879
scbench_qa_eng,2,90367,7,11.1,8,22,7.6,2,17,90498
scbench_qa_eng,3,134973,6,11,6,24,3.8,3,5,135062
scbench_qa_eng,4,130810,6,9,6,15,4,2,7,130888
scbench_qa_eng,5,155754,5,14.4,8,20,4.6,3,6,155849
scbench_qa_eng,6,244828,5,17.2,9,29,4,2,6,244934
scbench_qa_eng,7,94749,5,17.6,13,24,4.2,3,6,94858
scbench_qa_eng,8,255430,6,12.5,8,20,2.8,1,7,255522
scbench_qa_eng,9,398542,5,13,11,16,4.6,3,8,398630
scbench_qa_eng,10,233427,5,12.2,8,16,2.8,2,4,233502
scbench_qa_eng,11,142806,5,14.2,9,21,5.4,3,9,142904
scbench_qa_eng,12,539183,5,7.4,6,12,4.8,1,10,539244
scbench_qa_eng,13,222788,5,10.8,7,14,6.2,2,13,222873
scbench_qa_eng,14,384759,5,14.6,7,23,4.2,1,8,384853
scbench_qa_eng,15,89676,5,10.2,8,14,2,1,3,89737
scbench_qa_eng,16,265522,5,12.6,9,17,3.6,1,9,265603
scbench_qa_eng,17,204191,5,15.4,10,23,2.8,1,6,204282
scbench_qa_eng,18,152759,5,17.4,6,24,4,1,6,152866
scbench_qa_eng,19,744421,5,11.8,7,19,5.4,2,9,744507
scbench_qa_eng,20,245722,5,9.6,8,11,3.8,2,10,245789
scbench_qa_eng,21,604706,5,10,7,14,8.4,1,27,604798
scbench_qa_eng,22,132811,5,9,8,11,2.6,2,4,132869
scbench_qa_eng,23,263980,5,15.6,9,20,11.6,3,18,264116
scbench_qa_eng,24,407137,5,12,9,16,7.6,3,20,407235
scbench_qa_eng,25,91691,5,9.8,7,12,5.4,2,12,91767
scbench_qa_eng,26,143988,5,12.2,10,15,4.8,1,10,144073
scbench_qa_eng,27,213740,5,9.4,5,14,4.8,4,6,213811
scbench_qa_eng,28,121614,5,9,6,16,6.4,4,12,121691
scbench_qa_eng,29,178073,5,13,10,18,4,3,6,178158
scbench_qa_eng,30,266545,5,9,8,10,3.4,2,6,266607
scbench_qa_eng,31,94301,5,13.6,7,19,3.4,1,8,94386
scbench_qa_eng,32,452587,5,13.8,8,25,3.2,1,7,452672
scbench_qa_eng,33,134015,5,10,9,12,4.4,1,6,134087
scbench_qa_eng,34,163591,5,12.8,8,16,3.6,2,5,163673
scbench_qa_eng,35,194653,5,15.8,6,29,3.8,1,8,194751
scbench_qa_eng,36,261000,5,17.2,15,20,9,4,14,261131
scbench_qa_eng,37,100842,5,8.6,6,11,3.6,2,6,100903
scbench_qa_eng,38,189377,5,10.2,9,13,3.4,1,8,189445
scbench_qa_eng,39,148045,5,12.4,10,16,2.6,1,4,148120
scbench_qa_eng,40,177431,5,18.6,12,26,3.6,2,7,177542
scbench_qa_eng,41,91991,5,17.6,12,21,3.6,1,7,92097
scbench_qa_eng,42,232328,5,10.2,7,13,3.8,2,7,232398
scbench_qa_eng,43,69644,5,13.6,7,21,4.6,1,14,69735
scbench_qa_eng,44,213395,5,10.2,9,12,7.2,1,19,213482
scbench_qa_eng,45,188110,5,14.6,12,16,8,1,16,188223
scbench_qa_eng,46,126086,5,7.2,6,11,5.2,4,8,126148
scbench_qa_eng,47,145755,5,11.6,9,16,3.2,2,8,145829
scbench_qa_eng,48,101336,5,10.8,5,19,4.8,2,8,101414
scbench_qa_eng,49,199311,5,11.4,8,17,3,2,4,199383
scbench_qa_eng,50,79328,5,13,9,16,1.4,1,2,79400
scbench_qa_eng,51,183191,5,14.4,9,22,2.2,2,3,183274
scbench_qa_eng,52,104257,5,15.4,13,21,7.6,2,22,104372
scbench_qa_eng,53,90675,5,15.2,11,23,4,2,7,90771
scbench_qa_eng,54,279523,5,12.6,7,17,3,1,7,279601
scbench_qa_eng,55,148510,5,14.4,10,18,3.2,2,4,148598
scbench_qa_eng,56,155559,5,19.2,15,26,6.4,2,10,155687
scbench_qa_eng,57,282502,5,10.8,6,16,4.6,1,8,282579
scbench_qa_eng,58,180399,5,12.4,8,15,3.8,3,5,180480
scbench_qa_eng,59,75525,5,16,11,22,7.2,3,16,75641
scbench_qa_eng,60,119263,5,10.6,8,16,2.6,1,6,119329
scbench_qa_eng,61,72646,5,11.6,9,16,13.4,2,27,72771
scbench_qa_eng,62,95459,5,13,9,17,3.6,2,5,95542
scbench_qa_eng,63,201478,5,12.4,11,13,5.8,2,11,201569
scbench_qa_eng,64,88952,5,9.6,8,11,4,2,10,89020
scbench_qa_eng,65,223420,5,13,10,17,4,2,6,223505
scbench_qa_eng,66,127832,5,13,9,25,4.2,2,7,127918
scbench_qa_eng,67,81299,5,9.4,6,13,6,1,11,81376
scbench_qa_eng,68,301132,5,13,10,17,3.4,2,6,301214
scbench_qa_chn,0,435033,8,16,9,31,19.4,1,69,435316
scbench_qa_chn,1,27211,7,13.7,9,22,3.1,1,9,27329
scbench_qa_chn,2,26829,7,12.6,8,17,8.1,1,41,26974
scbench_qa_chn,3,714323,3,21.7,12,40,7.3,4,10,714410
scbench_qa_chn,4,80636,4,20,9,29,4,2,8,80732
scbench_qa_chn,5,102147,2,13.5,9,18,4,3,5,102182
scbench_qa_chn,6,440187,5,14.2,9,29,11.6,2,39,440316
scbench_qa_chn,7,222785,5,17.4,12,24,3.4,1,7,222889
scbench_qa_chn,8,4785800,4,10.8,7,16,7.5,1,19,4785873
scbench_qa_chn,9,125699,7,14.4,8,27,6.1,2,19,125843
scbench_qa_chn,10,439549,8,15.2,11,21,4.6,1,14,439708
scbench_qa_chn,11,506113,6,18.5,14,23,1.5,1,4,506233
scbench_qa_chn,12,512897,7,14.4,11,25,4.3,2,8,513028
scbench_qa_chn,13,3301432,7,20.6,11,34,6.9,1,21,3301624
scbench_qa_chn,14,1272449,4,29.5,11,62,2.5,1,5,1272577
scbench_qa_chn,15,2618338,4,15,7,22,1.8,1,2,2618405
scbench_qa_chn,16,3185763,3,37.3,20,48,9.3,6,14,3185903
scbench_qa_chn,17,1626403,5,24.8,11,54,2.6,1,8,1626540
scbench_qa_chn,18,3980870,3,15.3,7,21,3.3,1,7,3980926
scbench_qa_chn,19,2775559,5,16.8,10,27,2,1,4,2775653
scbench_qa_chn,20,1512123,6,18.3,9,35,2.3,1,5,1512247
scbench_qa_chn,21,1835483,6,26.8,9,39,2.8,1,5,1835661
scbench_qa_chn,22,925925,7,25,12,46,3.6,2,5,926125
scbench_qa_chn,23,5907618,4,19.5,14,26,2,1,3,5907704
scbench_qa_chn,24,1776424,3,15,10,18,3,1,5,1776478
scbench_qa_chn,25,1108701,5,33.4,11,60,10.6,2,19,1108921
scbench_qa_chn,26,1812520,8,20.5,10,42,3.9,1,13,1812715
scbench_qa_chn,27,2426393,3,19.7,9,28,7,2,15,2426473
scbench_qa_chn,28,1250331,5,11.8,10,13,7.8,2,21,1250429
scbench_qa_chn,29,3405972,3,16.7,13,23,4,3,6,3406034
scbench_qa_chn,30,1080963,5,19,9,34,32.2,3,87,1081219
scbench_qa_chn,31,1189080,11,16,8,34,5.4,2,19,1189315
scbench_qa_chn,32,598157,4,12,11,14,5.8,2,12,598228
scbench_qa_chn,33,453424,4,23,16,28,6.2,2,18,453541
scbench_qa_chn,34,743825,11,23.5,10,45,7.8,1,31,744170
scbench_choice_eng,0,266556,4,12.8,8,16,2.8,2,4,266618
scbench_choice_eng,1,94305,4,18,14,23,6,2,17,94401
scbench_choice_eng,2,452606,4,14.5,12,19,4,3,7,452680
scbench_choice_eng,3,134023,4,12.2,7,21,5.2,3,8,134093
scbench_choice_eng,4,163595,4,12,7,19,18,4,34,163715
scbench_choice_eng,5,156059,4,17.2,12,23,6.5,2,13,156154
scbench_choice_eng,6,263986,4,18.5,14,24,8,3,14,264092
scbench_choice_eng,7,201490,4,12.8,8,17,5,3,9,201561
scbench_choice_eng,8,90372,4,16.2,8,24,7.5,5,9,90467
scbench_choice_eng,9,255444,4,10.8,9,13,3.2,2,7,255500
scbench_choice_eng,10,119270,4,10.8,7,13,4.2,3,7,119330
scbench_choice_eng,11,72648,4,11.5,7,16,4.8,2,9,72713
scbench_choice_eng,12,126092,4,11.8,9,17,3.2,2,6,126152
scbench_choice_eng,13,232334,4,9.2,5,13,4.5,1,10,232389
scbench_choice_eng,14,223431,4,15.2,8,22,6.2,2,16,223517
scbench_choice_eng,15,178083,4,17.8,10,33,8,3,15,178186
scbench_choice_eng,16,101340,4,13.2,9,19,4.2,2,7,101410
scbench_choice_eng,17,183203,4,14.8,8,22,1.8,1,2,183269
scbench_choice_eng,18,744460,4,13.5,12,15,6.8,4,11,744541
scbench_choice_eng,19,244840,4,10.5,8,12,1.8,1,3,244889
scbench_choice_eng,20,91993,4,18.8,16,21,6.5,2,13,92094
scbench_choice_eng,21,148053,4,13.2,10,21,5.8,3,8,148129
scbench_choice_eng,22,213404,4,10,7,13,3.5,1,5,213458
scbench_choice_eng,23,199321,4,11,10,13,2.8,2,4,199376
scbench_choice_eng,24,265533,4,11,8,16,2.8,2,5,265588
scbench_choice_eng,25,261013,4,13.8,10,20,9,6,14,261104
scbench_choice_eng,26,95466,4,11.2,6,16,4.2,3,7,95528
scbench_choice_eng,27,69647,4,16.2,9,21,3.2,2,4,69725
scbench_choice_eng,28,213749,4,10.2,8,14,6.5,3,15,213816
scbench_choice_eng,29,104264,4,14,12,16,5.8,2,13,104343
scbench_choice_eng,30,282519,4,10.2,7,14,4.5,2,8,282578
scbench_choice_eng,31,142814,4,14.2,13,17,6.5,3,11,142897
scbench_choice_eng,32,180407,4,10.5,6,15,4.2,2,6,180466
scbench_choice_eng,33,143994,4,11,9,12,4.2,3,5,144055
scbench_choice_eng,34,90679,3,12.7,7,23,7.3,2,12,90739
scbench_choice_eng,35,148517,4,16,15,18,3.5,3,5,148595
scbench_choice_eng,36,89678,4,11.5,8,16,4.2,2,8,89741
scbench_choice_eng,37,177441,2,15,12,18,5,4,6,177481
scbench_choice_eng,38,134457,4,9.8,7,13,2.8,2,4,134507
scbench_choice_eng,39,87855,4,12.8,7,17,4.8,3,7,87925
scbench_choice_eng,40,88955,4,13.8,10,20,4.5,2,6,89028
scbench_choice_eng,41,127843,4,9.2,8,11,5.8,1,10,127903
scbench_choice_eng,42,384776,4,10,9,11,3.5,2,6,384830
scbench_choice_eng,43,142617,4,14.5,9,23,7.2,4,17,142704
scbench_choice_eng,44,308607,4,12,8,15,4.2,1,7,308672
scbench_choice_eng,45,480458,4,9.5,8,11,3.5,2,5,480510
scbench_choice_eng,46,87889,4,13.2,11,15,8.2,3,13,87975
scbench_choice_eng,47,90556,4,17.8,14,20,2.5,2,3,90637
scbench_choice_eng,48,101505,4,21.5,9,28,7.8,2,11,101622
scbench_choice_eng,49,223027,4,14.2,12,19,7.2,2,15,223113
scbench_choice_eng,50,116811,4,16.5,12,23,4,1,6,116893
scbench_choice_eng,51,149276,4,12.2,8,16,2.8,2,4,149336
scbench_choice_eng,52,332935,4,16.8,14,20,9.2,3,13,333039
scbench_choice_eng,53,158406,4,16.8,15,18,5.8,3,10,158496
scbench_choice_eng,54,299398,4,12.8,7,23,3.2,2,5,299462
scbench_choice_eng,55,131724,4,18,13,22,10.2,8,13,131837
scbench_choice_eng,56,108327,4,11.5,6,18,2.2,1,3,108382
scbench_choice_eng,57,142328,4,17.2,13,21,5.2,1,11,142418
scbench_many_shot,0,26335,5,239.8,217,278,1,1,1,27539
scbench_many_shot,1,26335,5,258.6,230,304,1,1,1,27633
scbench_many_shot,2,26335,5,243.8,219,270,1,1,1,27559
scbench_many_shot,3,26335,5,258.2,235,297,1,1,1,27631
scbench_many_shot,4,26335,5,242.8,221,305,1,1,1,27554
scbench_many_shot,5,26335,5,240.8,213,256,1,1,1,27544
scbench_many_shot,6,26335,5,247.4,228,265,1,1,1,27577
scbench_many_shot,7,26335,5,243.6,228,261,1,1,1,27558
scbench_many_shot,8,26335,5,254.4,236,263,1,1,1,27612
scbench_many_shot,9,26335,5,244.8,221,273,1,1,1,27564
scbench_many_shot,10,26335,5,229.2,219,243,1,1,1,27486
scbench_many_shot,11,26335,5,242.2,222,268,1,1,1,27551
scbench_many_shot,12,26335,5,262.6,231,319,1,1,1,27653
scbench_many_shot,13,26335,5,250.8,220,298,1,1,1,27594
scbench_many_shot,14,26335,5,241.6,216,297,1,1,1,27548
scbench_many_shot,15,26335,5,250.6,223,335,1,1,1,27593
scbench_many_shot,16,26335,5,236,230,255,1,1,1,27520
scbench_many_shot,17,26335,5,258.8,237,288,1,1,1,27634
scbench_many_shot,18,25791,5,207,198,218,1,1,1,26831
scbench_many_shot,19,25791,5,211.2,202,220,1,1,1,26852
scbench_many_shot,20,25791,5,214.4,200,229,1,1,1,26868
scbench_many_shot,21,25791,5,207.6,200,215,1,1,1,26834
scbench_many_shot,22,25791,5,210.6,200,219,1,1,1,26849
scbench_many_shot,23,25791,5,207.2,202,218,1,1,1,26832
scbench_many_shot,24,25791,5,208,200,216,1,1,1,26836
scbench_many_shot,25,25791,5,209.8,200,219,1,1,1,26845
scbench_many_shot,26,25791,5,212,202,219,1,1,1,26856
scbench_many_shot,27,25791,5,210.4,204,229,1,1,1,26848
scbench_many_shot,28,25791,5,212.4,204,219,1,1,1,26858
scbench_many_shot,29,25791,5,210.2,206,215,1,1,1,26847
scbench_many_shot,30,25791,5,206.8,196,218,1,1,1,26830
scbench_many_shot,31,25791,5,207.6,198,219,1,1,1,26834
scbench_many_shot,32,25791,5,207,200,227,1,1,1,26831
scbench_many_shot,33,25791,5,212.4,202,220,1,1,1,26858
scbench_many_shot,34,25791,5,212.8,198,227,1,1,1,26860
scbench_many_shot,35,25791,5,210.8,204,219,1,1,1,26850
scbench_many_shot,36,14635,5,96,87,118,1,1,1,15120
scbench_many_shot,37,14635,5,97.2,84,108,1,1,1,15126
scbench_many_shot,38,14635,5,97.2,88,110,1,1,1,15126
scbench_many_shot,39,14635,5,95.4,85,104,1,1,1,15117
scbench_many_shot,40,14635,5,95.8,84,104,1,1,1,15119
scbench_many_shot,41,14635,5,91.2,84,95,1,1,1,15096
scbench_many_shot,42,14635,5,94.6,75,108,1,1,1,15113
scbench_many_shot,43,14635,5,93.2,87,101,1,1,1,15106
scbench_many_shot,44,14635,5,94.2,83,107,1,1,1,15111
scbench_many_shot,45,14635,5,94,90,99,1,1,1,15110
scbench_many_shot,46,14635,5,99.6,88,105,1,1,1,15138
scbench_many_shot,47,14635,5,97.6,93,101,1,1,1,15128
scbench_many_shot,48,14635,5,98.6,89,107,1,1,1,15133
scbench_many_shot,49,14635,5,95.4,78,109,1,1,1,15117
scbench_many_shot,50,14635,5,91.6,87,104,1,1,1,15098
scbench_many_shot,51,14635,5,98.2,86,108,1,1,1,15131
scbench_many_shot,52,14635,5,89.2,76,101,1,1,1,15086
scbench_many_shot,53,14635,5,93.4,77,102,1,1,1,15107
scbench_mf,0,60000,6,22.7,21,24,1,1,1,60142
scbench_mf,3,59999,6,22.7,21,24,1,1,1,60141
scbench_mf,6,59999,6,22.7,21,24,1,1,1,60141
scbench_mf,9,59999,6,22.7,21,24,1,1,1,60141
scbench_mf,12,59999,6,22.7,21,24,1,1,1,60141
scbench_mf,15,59999,6,22.7,21,24,1,1,1,60141
scbench_mf,18,60000,6,22.7,21,24,1,1,1,60142
scbench_mf,21,60000,6,22.7,21,24,1,1,1,60142
scbench_mf,24,60000,6,22.7,21,24,1,1,1,60142
scbench_mf,27,59999,6,22.7,21,24,1,1,1,60141
scbench_mf,30,60000,6,22.7,21,24,1,1,1,60142
scbench_mf,33,60000,6,22.7,21,24,1,1,1,60142
scbench_mf,36,60000,6,22.7,21,24,1,1,1,60142
scbench_mf,39,59999,6,22.7,21,24,1,1,1,60141
scbench_mf,42,60000,6,22.7,21,24,1,1,1,60142
scbench_mf,45,60000,6,22.7,21,24,1,1,1,60142
scbench_mf,48,60000,6,22.7,21,24,1,1,1,60142
scbench_mf,51,59999,6,22.7,21,24,1,1,1,60141
scbench_mf,54,59999,6,22.7,21,24,1,1,1,60141
scbench_mf,57,60000,6,22.7,21,24,1,1,1,60142
scbench_mf,60,59999,6,22.7,21,24,1,1,1,60141
scbench_mf,63,59999,6,22.7,21,24,1,1,1,60141
scbench_mf,66,60000,6,22.7,21,24,1,1,1,60142
scbench_mf,69,59999,6,22.7,21,24,1,1,1,60141
scbench_mf,72,60000,6,22.7,21,24,1,1,1,60142
scbench_mf,75,60000,6,22.7,21,24,1,1,1,60142
scbench_mf,78,59999,6,22.7,21,24,1,1,1,60141
scbench_mf,81,60000,6,22.7,21,24,1,1,1,60142
scbench_mf,84,60000,6,22.7,21,24,1,1,1,60142
scbench_mf,87,60000,6,22.7,21,24,1,1,1,60142
scbench_mf,90,60000,6,22.7,21,24,1,1,1,60142
scbench_mf,93,60000,6,22.7,21,24,1,1,1,60142
scbench_mf,96,59999,6,22.7,21,24,1,1,1,60141
scbench_mf,99,60000,6,22.7,21,24,1,1,1,60142
scbench_mf,102,59999,6,22.7,21,24,1,1,1,60141
scbench_mf,105,60000,6,22.7,21,24,1,1,1,60142
scbench_mf,108,59999,6,22.7,21,24,1,1,1,60141
scbench_mf,111,59999,6,22.7,21,24,1,1,1,60141
scbench_mf,114,59999,6,22.7,21,24,1,1,1,60141
scbench_mf,117,60000,6,22.7,21,24,1,1,1,60142
scbench_mf,120,60000,6,22.7,21,24,1,1,1,60142
scbench_mf,123,59999,6,22.7,21,24,1,1,1,60141
scbench_mf,126,60000,6,22.7,21,24,1,1,1,60142
scbench_mf,129,60000,6,22.7,21,24,1,1,1,60142
scbench_mf,132,60000,6,22.7,21,24,1,1,1,60142
scbench_mf,135,59999,6,22.7,21,24,1,1,1,60141
scbench_mf,138,59999,6,22.7,21,24,1,1,1,60141
scbench_mf,141,60000,6,22.7,21,24,1,1,1,60142
scbench_mf,144,59999,6,22.7,21,24,1,1,1,60141
scbench_mf,147,59999,6,22.7,21,24,1,1,1,60141
scbench_mf,150,59999,6,22.7,21,24,1,1,1,60141
scbench_mf,153,60000,6,22.7,21,24,1,1,1,60142
scbench_mf,156,60000,6,22.7,21,24,1,1,1,60142
scbench_mf,159,59999,6,22.7,21,24,1,1,1,60141
scbench_mf,162,60000,6,22.7,21,24,1,1,1,60142
scbench_mf,165,60000,6,22.7,21,24,1,1,1,60142
scbench_mf,168,60000,6,22.7,21,24,1,1,1,60142
scbench_mf,171,59999,6,22.7,21,24,1,1,1,60141
scbench_mf,174,60000,6,22.7,21,24,1,1,1,60142
scbench_mf,177,59999,6,22.7,21,24,1,1,1,60141
scbench_mf,180,60000,6,22.7,21,24,1,1,1,60142
scbench_mf,183,59999,6,22.7,21,24,1,1,1,60141
scbench_mf,186,60000,6,22.7,21,24,1,1,1,60142
scbench_mf,189,59999,6,22.7,21,24,1,1,1,60141
scbench_mf,192,59999,6,22.7,21,24,1,1,1,60141
scbench_mf,195,59999,6,22.7,21,24,1,1,1,60141
scbench_mf,198,60000,6,22.7,21,24,1,1,1,60142
scbench_mf,201,60000,6,22.7,21,24,1,1,1,60142
scbench_mf,204,60000,6,22.7,21,24,1,1,1,60142
scbench_mf,207,59999,6,22.7,21,24,1,1,1,60141
scbench_mf,210,59999,6,22.7,21,24,1,1,1,60141
scbench_mf,213,59999,6,22.7,21,24,1,1,1,60141
scbench_mf,216,60000,6,22.7,21,24,1,1,1,60142
scbench_mf,219,60000,6,22.7,21,24,1,1,1,60142
scbench_mf,222,59999,6,22.7,21,24,1,1,1,60141
scbench_mf,225,60000,6,22.7,21,24,1,1,1,60142
scbench_mf,228,60000,6,22.7,21,24,1,1,1,60142
scbench_mf,231,59999,6,22.7,21,24,1,1,1,60141
scbench_mf,234,60000,6,22.7,21,24,1,1,1,60142
scbench_mf,237,60000,6,22.7,21,24,1,1,1,60142
scbench_mf,240,60000,6,22.7,21,24,1,1,1,60142
scbench_mf,243,60000,6,22.7,21,24,1,1,1,60142
scbench_mf,246,60000,6,22.7,21,24,1,1,1,60142
scbench_mf,249,59999,6,22.7,21,24,1,1,1,60141
scbench_mf,252,59999,6,22.7,21,24,1,1,1,60141
scbench_mf,255,59999,6,22.7,21,24,1,1,1,60141
scbench_mf,258,59999,6,22.7,21,24,1,1,1,60141
scbench_mf,261,60000,6,22.7,21,24,1,1,1,60142
scbench_mf,264,59999,6,22.7,21,24,1,1,1,60141
scbench_mf,267,60000,6,22.7,21,24,1,1,1,60142
scbench_mf,270,60000,6,22.7,21,24,1,1,1,60142
scbench_mf,273,60000,6,22.7,21,24,1,1,1,60142
scbench_mf,276,60000,6,22.7,21,24,1,1,1,60142
scbench_mf,279,60000,6,22.7,21,24,1,1,1,60142
scbench_mf,282,59999,6,22.7,21,24,1,1,1,60141
scbench_mf,285,59999,6,22.7,21,24,1,1,1,60141
scbench_mf,288,60000,6,22.7,21,24,1,1,1,60142
scbench_mf,291,60000,6,22.7,21,24,1,1,1,60142
scbench_mf,294,59999,6,22.7,21,24,1,1,1,60141
scbench_mf,297,60000,6,22.7,21,24,1,1,1,60142
scbench_summary,1,97942,5,32,26,38,73.6,59,94,98470
scbench_summary,2,100896,5,28.4,24,32,93.4,57,144,101505
scbench_summary,3,98844,5,30,28,33,77.6,57,113,99382
scbench_summary,4,103952,5,33.4,25,47,69.2,41,119,104465
scbench_summary,5,103608,5,35.2,30,41,88,48,144,104224
scbench_summary,6,96622,5,35.4,25,47,74.8,65,81,97173
scbench_summary,7,102670,5,31.2,25,39,72.8,51,124,103190
scbench_summary,8,112709,5,36.8,30,45,68.4,28,87,113235
scbench_summary,9,103745,5,33.6,27,52,58.2,38,87,104204
scbench_summary,10,113169,5,39.2,24,55,79.6,59,132,113763
scbench_summary,11,102236,5,37,32,45,59.6,41,91,102719
scbench_summary,12,105080,5,33.8,27,46,99.6,78,117,105747
scbench_summary,13,101288,5,32.6,26,38,58.6,39,82,101744
scbench_summary,14,102174,5,30.4,25,34,65.2,38,92,102652
scbench_summary,15,103160,5,33.6,29,44,88,48,186,103768
scbench_summary,16,103370,5,35.6,31,39,85.6,50,158,103976
scbench_summary,17,106061,5,30.8,27,37,89,51,172,106660
scbench_summary,18,103947,5,33.4,31,36,73,59,88,104479
scbench_summary,19,101342,5,36,26,55,70.8,47,105,101876
scbench_summary,20,103094,5,36.4,30,48,66.6,39,100,103609
scbench_summary,21,105072,5,29.8,26,34,62.6,50,83,105534
scbench_summary,22,113040,5,36.4,31,43,74.4,46,119,113594
scbench_summary,24,100411,5,40.8,27,83,75.2,62,92,100991
scbench_summary,25,102924,5,29.4,26,36,80.2,58,135,103472
scbench_summary,26,112039,5,32.8,27,40,67,37,111,112538
scbench_summary,27,104772,5,34.6,29,44,66.8,40,118,105279
scbench_summary,28,102283,5,30.8,24,36,65.4,50,90,102764
scbench_summary,29,106813,5,35,29,41,77.4,48,125,107375
scbench_summary,30,104004,5,36.4,28,49,67.8,54,84,104525
scbench_summary,31,99895,5,30.4,27,33,62,48,84,100357
scbench_summary,32,101682,5,32.6,26,37,77.6,57,134,102233
scbench_summary,33,97731,5,34,26,40,58.8,45,77,98195
scbench_summary,34,103310,5,34,29,42,60.6,52,80,103783
scbench_summary,35,102682,5,28,24,32,60.6,51,75,103125
scbench_summary,36,102627,5,34.8,26,39,73.4,60,89,103168
scbench_summary,37,99250,5,32.6,28,38,76.6,61,99,99796
scbench_summary,38,96699,5,35.6,29,45,89.6,62,132,97325
scbench_summary,39,110708,5,37.2,24,52,109.8,69,146,111443
scbench_summary,40,103186,5,35,26,43,87.4,66,106,103798
scbench_summary,41,104046,5,34.6,29,42,61.8,39,112,104528
scbench_summary,42,105570,5,34.2,27,46,78.4,66,106,106133
scbench_summary,43,97752,5,35,27,48,89.6,54,126,98375
scbench_summary,44,106269,5,31.8,26,38,91,61,133,106883
scbench_summary,45,102293,5,35,26,42,75.2,52,116,102844
scbench_summary,46,102336,5,31.6,25,36,67.6,44,117,102832
scbench_summary,47,102797,5,31.6,23,47,84.8,54,147,103379
scbench_summary,49,108477,5,28.8,24,38,62.4,55,75,108933
scbench_summary,50,107068,5,33.6,29,39,90,65,153,107686
scbench_summary,51,101403,5,27.6,22,31,80.8,59,100,101945
scbench_summary,52,103604,5,43.8,26,67,67.2,44,124,104159
scbench_summary,53,97621,5,32,27,45,56.2,44,64,98062
scbench_summary,54,105731,5,26.6,22,30,50.6,41,67,106117
scbench_summary,55,106832,5,35,31,46,70.6,41,101,107360
scbench_summary,56,106763,5,28.6,22,40,62.8,36,135,107220
scbench_summary,57,106138,5,34.6,25,40,90.6,52,122,106764
scbench_summary,58,103288,5,32.6,28,40,67,57,82,103786
scbench_summary,59,111557,5,33.2,32,36,77.2,54,111,112109
scbench_summary,60,99031,5,35,32,39,83.2,61,98,99622
scbench_summary,61,104619,5,27,23,32,91.2,57,126,105210
scbench_summary,62,103236,5,29.4,27,35,108,91,129,103923
scbench_summary,63,97407,5,30.4,27,40,91.4,48,135,98016
scbench_summary,64,110559,5,32.8,27,37,69.4,49,90,111070
scbench_summary,65,101384,5,26.4,23,30,93.8,57,151,101985
scbench_summary,66,102914,5,29.2,23,35,67.4,52,96,103397
scbench_summary,67,98283,5,32,30,34,83.6,61,121,98861
scbench_summary,68,101233,5,31,28,35,92.4,59,126,101850
scbench_summary,69,100651,5,28.4,25,31,79.2,56,133,101189
scbench_summary,70,104338,5,40.6,37,48,81.2,59,140,104947
scbench_summary,71,102066,5,30.8,29,33,86,65,105,102650
scbench_summary,72,97562,5,34,27,50,70.6,34,102,98085
scbench_summary_with_needles,1,98018,8,21.1,10,38,37.5,2,94,98487
scbench_summary_with_needles,2,100973,8,19.8,10,32,44.9,2,144,101490
scbench_summary_with_needles,3,98920,8,19.6,10,31,41.8,2,113,99411
scbench_summary_with_needles,4,104025,8,22.4,10,47,29.4,2,70,104439
scbench_summary_with_needles,5,103688,8,22.8,10,41,48,2,144,104254
scbench_summary_with_needles,6,96701,8,23.2,10,47,37.8,2,81,97189
scbench_summary_with_needles,7,102751,8,21.1,10,39,39.4,2,124,103235
scbench_summary_with_needles,8,112782,8,23.6,10,45,40.2,2,87,113293
scbench_summary_with_needles,9,103821,8,22.6,10,52,28,2,87,104226
scbench_summary_with_needles,10,113246,8,25.6,10,55,41.5,2,132,113783
scbench_summary_with_needles,11,102310,8,23.4,10,45,30.1,2,91,102738
scbench_summary_with_needles,12,105154,8,22.4,10,46,52.8,2,117,105755
scbench_summary_with_needles,13,101363,8,20.8,10,38,27.4,2,75,101748
scbench_summary_with_needles,14,102250,8,20,10,34,32.2,2,92,102668
scbench_summary_with_needles,15,103236,8,22.4,10,44,46.8,2,186,103789
scbench_summary_with_needles,16,103446,8,22.5,10,39,34.8,2,76,103904
scbench_summary_with_needles,17,106137,8,20.9,10,37,35.1,2,85,106585
scbench_summary_with_needles,18,104020,8,21.8,10,36,39.2,2,88,104508
scbench_summary_with_needles,19,101419,8,24.2,10,55,37.5,2,105,101913
scbench_summary_with_needles,20,103170,8,24,10,48,33,2,100,103626
scbench_summary_with_needles,21,105147,8,19.4,10,33,33.8,2,83,105572
scbench_summary_with_needles,22,113114,8,22.4,10,37,38,2,119,113597
scbench_summary_with_needles,24,100486,8,26.8,10,83,40.2,2,92,101022
scbench_summary_with_needles,25,102999,8,19.4,10,36,43.9,2,135,103505
scbench_summary_with_needles,26,112114,8,22.1,10,40,35.1,2,111,112572
scbench_summary_with_needles,27,104851,8,23,10,44,36,2,118,105323
scbench_summary_with_needles,28,102356,8,20.5,10,36,30.6,2,64,102765
scbench_summary_with_needles,29,106884,8,21.8,10,37,40,2,125,107378
scbench_summary_with_needles,30,104082,8,21.6,10,39,36.6,2,84,104548
scbench_summary_with_needles,31,99972,8,20.6,10,33,29.2,2,70,100371
scbench_summary_with_needles,32,101761,8,21.4,10,37,41,2,134,102260
scbench_summary_with_needles,33,97809,8,21.6,10,40,29.4,2,77,98217
scbench_summary_with_needles,34,103385,8,21,10,35,31.6,2,80,103806
scbench_summary_with_needles,35,102759,8,18.5,10,29,32.5,2,75,103167
scbench_summary_with_needles,36,102699,8,22.4,10,39,37.4,2,89,103177
scbench_summary_with_needles,37,99328,8,21.9,10,38,41.2,2,99,99833
scbench_summary_with_needles,38,96773,8,22.8,10,45,49.2,2,132,97349
scbench_summary_with_needles,39,110783,8,24,10,52,51.8,2,146,111389
scbench_summary_with_needles,40,103264,8,23.6,10,43,42.4,2,93,103792
scbench_summary_with_needles,41,104116,8,22.1,10,42,33,2,112,104557
scbench_summary_with_needles,42,105647,8,23,10,46,40.1,2,106,106152
scbench_summary_with_needles,43,97827,8,23.5,10,48,45.6,2,126,98380
scbench_summary_with_needles,44,106344,8,21.4,10,38,47.5,2,133,106895
scbench_summary_with_needles,45,102371,8,22.9,10,42,39.5,2,116,102870
scbench_summary_with_needles,46,102414,8,20.2,10,34,28.6,2,78,102805
scbench_summary_with_needles,47,102871,8,20.9,10,47,44.9,2,147,103397
scbench_summary_with_needles,49,108553,8,20,10,38,33.1,2,75,108978
scbench_summary_with_needles,50,107144,8,21.8,10,39,45.1,2,153,107679
scbench_summary_with_needles,51,101481,8,18.4,10,29,39,2,92,101940
scbench_summary_with_needles,52,103682,8,28.1,10,67,36.9,2,124,104202
scbench_summary_with_needles,53,97696,8,21.6,10,45,30.6,2,64,98114
scbench_summary_with_needles,54,105809,8,18.2,10,30,26.8,2,67,106169
scbench_summary_with_needles,55,106908,8,23,10,46,40,2,101,107412
scbench_summary_with_needles,56,106843,8,19.8,10,40,35.8,2,135,107287
scbench_summary_with_needles,57,106215,8,22.2,10,40,49.8,2,122,106791
scbench_summary_with_needles,58,103368,8,20.4,10,33,35.6,2,82,103816
scbench_summary_with_needles,59,111630,8,21.8,10,36,39.9,2,111,112123
scbench_summary_with_needles,60,99107,8,22.6,10,39,40.8,2,95,99614
scbench_summary_with_needles,61,104694,8,18.5,10,32,43.5,2,126,105190
scbench_summary_with_needles,62,103309,8,19,10,29,53.8,2,129,103891
scbench_summary_with_needles,63,97482,8,19,10,30,52.1,2,135,98051
scbench_summary_with_needles,64,110633,8,21.1,10,37,38.2,2,90,111108
scbench_summary_with_needles,65,101460,8,17.8,10,28,40.8,2,127,101928
scbench_summary_with_needles,66,102988,8,19.4,10,35,35.2,2,96,103425
scbench_summary_with_needles,67,98357,8,20.8,10,33,41.5,2,121,98855
scbench_summary_with_needles,68,101308,8,20,10,31,48.4,2,126,101855
scbench_summary_with_needles,69,100729,8,19.6,10,31,33.9,2,71,101157
scbench_summary_with_needles,70,104413,8,25.6,10,48,44.4,2,140,104973
scbench_summary_with_needles,71,102138,8,20.2,10,33,45,2,105,102660
scbench_summary_with_needles,72,97639,8,22.1,10,50,40.9,2,102,98143
scbench_repoqa_and_kv,0,67529,8,112.1,37,233,69.2,22,258,68980
scbench_repoqa_and_kv,1,67441,8,123.2,35,228,78.2,21,221,69053
scbench_repoqa_and_kv,2,67505,8,110.1,37,255,73,20,205,68970
scbench_repoqa_and_kv,3,67516,8,117.6,35,223,73.4,16,181,69044
scbench_repoqa_and_kv,4,68028,8,109,35,198,47.1,22,137,69277
scbench_repoqa_and_kv,5,68053,8,104.1,36,200,55.1,19,247,69327
scbench_repoqa_and_kv,6,67544,8,109.5,37,214,75,18,279,69020
scbench_repoqa_and_kv,7,67497,8,113.4,37,218,84.9,15,356,69083
scbench_repoqa_and_kv,8,68054,8,139.2,37,275,125.8,21,326,70174
scbench_repoqa_and_kv,9,68026,8,126.4,35,250,84.9,13,319,69716
scbench_repoqa_and_kv,10,67459,8,125,34,286,93.4,19,305,69206
scbench_repoqa_and_kv,11,67530,8,128.8,35,301,76.1,19,366,69169
scbench_repoqa_and_kv,12,67549,8,113.6,38,227,30.2,22,45,68700
scbench_repoqa_and_kv,13,67520,8,125.4,34,277,61.2,21,223,69013
scbench_repoqa_and_kv,14,68018,8,111.1,38,232,25.9,8,57,69114
scbench_repoqa_and_kv,15,68031,8,96.1,33,166,43.8,20,110,69150
scbench_repoqa_and_kv,16,67980,8,112,36,260,102.8,19,408,69698
scbench_repoqa_and_kv,17,67963,8,102.8,37,235,66.4,15,243,69316
scbench_repoqa_and_kv,18,67972,8,101,36,185,30.5,21,54,69024
scbench_repoqa_and_kv,19,68038,8,119.9,35,225,38.2,20,120,69303
scbench_repoqa_and_kv,20,67483,8,130.2,37,368,60.1,20,140,69006
scbench_repoqa_and_kv,21,67519,8,130,35,282,141.2,20,368,69689
scbench_repoqa_and_kv,22,68029,8,116,34,236,46.6,15,184,69330
scbench_repoqa_and_kv,23,68038,8,108.5,35,222,36,19,131,69194
scbench_repoqa_and_kv,24,67970,8,115.6,37,266,112.9,19,361,69798
scbench_repoqa_and_kv,25,67990,8,104.9,34,242,31.9,8,76,69084
scbench_repoqa_and_kv,26,67458,8,138.2,37,328,21,7,56,68732
scbench_repoqa_and_kv,27,67505,8,115.9,38,274,24.6,7,56,68629
scbench_repoqa_and_kv,28,67527,8,113.6,34,249,68.2,20,194,68982
scbench_repoqa_and_kv,29,67523,8,109.4,35,224,37,20,88,68694
scbench_repoqa_and_kv,30,68014,8,114,38,261,59.1,12,311,69399
scbench_repoqa_and_kv,31,68037,8,101.4,38,235,25.4,16,57,69051
scbench_repoqa_and_kv,32,68032,8,101.5,35,207,76.4,16,368,69455
scbench_repoqa_and_kv,33,68019,8,124.5,36,305,84.9,19,243,69694
scbench_repoqa_and_kv,34,68065,8,99.8,37,199,67.6,15,273,69404
scbench_repoqa_and_kv,35,68032,8,103.5,35,193,49,21,105,69252
scbench_repoqa_and_kv,36,68025,8,116.8,37,221,77.8,20,260,69581
scbench_repoqa_and_kv,37,67984,8,110.1,36,217,27.1,17,63,69082
scbench_repoqa_and_kv,38,67485,8,113.1,36,263,54.6,16,207,68827
scbench_repoqa_and_kv,39,67521,8,107.2,38,220,61.1,20,165,68868
scbench_repoqa_and_kv,40,68028,8,92.5,37,160,37,5,145,69064
scbench_repoqa_and_kv,41,68033,8,115.4,36,295,26.2,6,51,69166
scbench_repoqa_and_kv,42,67987,8,108.6,36,192,73.6,16,375,69445
scbench_repoqa_and_kv,43,67907,8,108.4,36,203,47.6,13,100,69155
scbench_repoqa_and_kv,44,68036,8,107.4,36,210,40.1,17,88,69216
scbench_repoqa_and_kv,45,67979,8,107,36,229,83.2,19,411,69501
scbench_repoqa_and_kv,46,67529,8,103.9,37,195,43,23,92,68704
scbench_repoqa_and_kv,47,67540,8,96.6,33,165,41,19,100,68641
scbench_repoqa_and_kv,48,68003,8,114.4,35,275,57.8,21,130,69380
scbench_repoqa_and_kv,49,67991,8,97.4,36,198,45.8,22,92,69136
scbench_repoqa_and_kv,50,68010,8,106.2,36,197,45.4,19,93,69223
scbench_repoqa_and_kv,51,68025,8,117.2,36,282,90.9,19,351,69690
scbench_repoqa_and_kv,52,68040,8,99.6,36,178,29.1,14,80,69070
scbench_repoqa_and_kv,53,67966,8,109.6,34,237,39.5,21,95,69159
scbench_repoqa_and_kv,54,68047,8,121.4,36,232,64.6,22,139,69535
scbench_repoqa_and_kv,55,67889,8,110.9,33,227,40.9,21,116,69103
scbench_repoqa_and_kv,56,67544,8,112.2,37,201,127.6,19,490,69463
scbench_repoqa_and_kv,57,67499,8,112.6,37,202,122.1,22,536,69377
scbench_repoqa_and_kv,58,68038,8,118.9,35,217,129.6,22,455,70026
scbench_repoqa_and_kv,59,68000,8,110.5,37,218,59.8,21,102,69362
scbench_repoqa_and_kv,60,67991,8,109.1,36,255,59.2,21,297,69338
scbench_repoqa_and_kv,61,67994,8,101.2,35,182,99.6,19,448,69601
scbench_repoqa_and_kv,62,68025,8,123.5,36,270,82.9,20,271,69676
scbench_repoqa_and_kv,63,68014,8,118.6,36,228,71.8,22,211,69537
scbench_repoqa_and_kv,64,67908,8,111.2,35,242,100,18,449,69598
scbench_repoqa_and_kv,65,68017,8,116.2,37,304,95.6,21,489,69712
scbench_repoqa_and_kv,66,68023,8,103.1,33,211,32.1,20,67,69105
scbench_repoqa_and_kv,67,67979,8,105.4,33,206,31.5,21,52,69074
scbench_repoqa_and_kv,68,67972,8,101.4,35,233,36.6,22,55,69076
scbench_repoqa_and_kv,69,68047,8,91.4,36,188,53,20,182,69202
scbench_repoqa_and_kv,70,67965,8,86,34,151,41.5,19,104,68985
scbench_repoqa_and_kv,71,67972,8,110.8,38,218,62,20,268,69354
scbench_repoqa_and_kv,72,67922,8,108.2,36,210,75.1,22,158,69389
scbench_repoqa_and_kv,73,67934,8,129.2,36,290,91,17,288,69696
scbench_repoqa_and_kv,74,68041,8,106,36,208,145.2,21,661,70051
scbench_repoqa_and_kv,75,68002,8,113.9,36,260,39.9,19,95,69232
scbench_repoqa_and_kv,76,68015,8,105.1,36,202,89.4,22,301,69571
scbench_repoqa_and_kv,77,67939,8,113,37,217,52.4,21,106,69262
scbench_repoqa_and_kv,78,67993,8,107.6,36,240,109.2,17,271,69728
scbench_repoqa_and_kv,79,68029,8,117.4,34,233,129.9,19,511,70007
scbench_repoqa_and_kv,80,68021,8,121.1,33,275,88.9,14,321,69701
scbench_repoqa_and_kv,81,67938,8,111.8,36,201,84.1,22,247,69505
scbench_repoqa_and_kv,82,68036,8,124,34,259,72.1,21,261,69605
scbench_repoqa_and_kv,83,68000,8,113.9,38,195,99.4,21,337,69706
scbench_repoqa_and_kv,84,68036,8,115.4,36,248,53,24,110,69383
scbench_repoqa_and_kv,85,67999,8,97.8,33,246,32.8,22,79,69043
scbench_repoqa_and_kv,86,67526,8,123.6,36,265,159.5,22,494,69791
scbench_repoqa_and_kv,87,67508,8,112,37,198,159.8,22,658,69682
